index,name,ELO,fGoals,aGoals,num_matches,fGoals_p_match,aGoals_p_match,team_code
Scotland,Scotland,1413.5710294841322,1395,996,813,1.7158671586715868,1.2250922509225093,241
England,England,1649.4202101649344,2292,1017,1047,2.189111747851003,0.9713467048710601,85
Wales,Wales,1385.198241326901,859,1122,692,1.2413294797687862,1.6213872832369942,300
Northern Ireland,Northern Ireland,1206.894298678062,703,1255,673,1.0445765230312036,1.8647845468053492,198
United States,United States,1524.948032661283,1078,945,728,1.4807692307692308,1.2980769230769231,291
Uruguay,Uruguay,1556.9027233565437,1442,1141,919,1.5690968443960827,1.2415669205658324,293
Austria,Austria,1375.2120781332078,1448,1282,819,1.768009768009768,1.5653235653235653,18
Hungary,Hungary,1488.625119333356,1949,1430,964,2.021784232365145,1.483402489626556,124
Argentina,Argentina,1726.6993395615723,1883,1046,1014,1.8570019723865878,1.0315581854043392,12
Belgium,Belgium,1618.5164554534351,1432,1230,804,1.7810945273631842,1.5298507462686568,28
France,France,1618.8621633552693,1567,1132,875,1.790857142857143,1.2937142857142858,96
Netherlands,Netherlands,1687.7878409423522,1703,1003,821,2.074299634591961,1.2216808769792935,187
Czechoslovakia,Czechoslovakia,1359.8742857255977,920,691,498,1.8473895582329318,1.3875502008032128,74
Switzerland,Switzerland,1601.504141482238,1226,1383,834,1.4700239808153477,1.658273381294964,265
Sweden,Sweden,1396.7461818577126,2059,1347,1051,1.9590865842055185,1.2816365366317792,264
Germany,Germany,1594.9046837706214,2211,1139,985,2.2446700507614215,1.1563451776649747,104
Italy,Italy,1634.7335362667257,1439,803,836,1.7212918660287082,0.9605263157894737,134
Chile,Chile,1408.6231195736161,1118,1135,792,1.4116161616161615,1.4330808080808082,59
Norway,Norway,1407.1273281599417,1259,1363,832,1.5132211538461537,1.6382211538461537,200
Finland,Finland,1329.543189488428,910,1602,776,1.172680412371134,2.064432989690722,95
Luxembourg,Luxembourg,1115.1577058010191,272,1140,430,0.6325581395348837,2.6511627906976742,157
Russia,Russia,1433.010369088753,1230,697,716,1.717877094972067,0.973463687150838,226
Denmark,Denmark,1496.7024471121636,1491,1134,832,1.7920673076923077,1.3629807692307692,77
Catalonia,Catalonia,1189.6334619549107,76,85,48,1.5833333333333333,1.7708333333333333,52
Basque Country,Basque Country,1336.7418598029212,157,77,58,2.706896551724138,1.3275862068965518,26
Brazil,Brazil,1746.2114571205234,2232,912,1019,2.1903827281648676,0.8949950932286556,38
Japan,Japan,1552.3814216733879,1194,789,683,1.7481698389458273,1.1551976573938507,137
Paraguay,Paraguay,1412.4731210963455,969,1077,747,1.2971887550200802,1.4417670682730923,211
Canada,Canada,1392.8682785491899,520,553,415,1.2530120481927711,1.3325301204819278,48
Estonia,Estonia,1127.818579147655,511,898,509,1.0039292730844793,1.7642436149312377,88
Costa Rica,Costa Rica,1471.0662785421368,1041,760,650,1.6015384615384616,1.1692307692307693,66
Guatemala,Guatemala,1271.8944144648558,665,633,479,1.3883089770354906,1.3215031315240084,114
Spain,Spain,1633.7069709552934,1474,654,731,2.0164158686730507,0.8946648426812586,259
Brittany,Brittany,1024.4202104301878,19,16,12,1.5833333333333333,1.3333333333333333,40
Poland,Poland,1482.6069422191754,1433,1141,850,1.6858823529411764,1.3423529411764705,215
Yugoslavia,Yugoslavia,1413.3424646907347,941,741,481,1.9563409563409564,1.5405405405405406,311
New Zealand,New Zealand,1373.902252343416,651,583,378,1.7222222222222223,1.5423280423280423,189
Romania,Romania,1296.4207698305784,1172,926,723,1.6210235131396957,1.280774550484094,225
Latvia,Latvia,1043.9090978839843,520,695,425,1.223529411764706,1.6352941176470588,150
Galicia,Galicia,1049.6496731944792,19,14,9,2.111111111111111,1.5555555555555556,100
Portugal,Portugal,1605.5036736540426,1108,738,648,1.7098765432098766,1.1388888888888888,216
Andalusia,Andalusia,1091.4458134711306,26,15,13,2.0,1.1538461538461537,6
China PR,China PR,1256.8230904475308,1098,675,608,1.805921052631579,1.1101973684210527,60
Australia,Australia,1490.815452346954,1086,590,540,2.011111111111111,1.0925925925925926,17
Lithuania,Lithuania,956.222221985336,406,725,396,1.0252525252525253,1.8308080808080809,156
Turkey,Turkey,1349.7810277095277,820,839,599,1.3689482470784642,1.4006677796327212,282
Central Spain,Central Spain,1000.3669376095977,3,5,2,1.5,2.5,55
Mexico,Mexico,1520.037682048291,1590,978,924,1.7207792207792207,1.0584415584415585,175
Aruba,Aruba,860.8350920765303,163,311,127,1.2834645669291338,2.4488188976377954,15
Egypt,Egypt,1345.5367321578246,1097,681,681,1.6108663729809105,1.0,82
Haiti,Haiti,1319.08917578068,760,642,473,1.6067653276955602,1.357293868921776,120
Philippines,Philippines,1027.4730338830138,281,519,241,1.16597510373444,2.1535269709543567,214
Bulgaria,Bulgaria,1217.4802255874824,981,1045,698,1.4054441260744985,1.497134670487106,43
Jamaica,Jamaica,1294.9209741667169,784,796,595,1.3176470588235294,1.33781512605042,136
Kenya,Kenya,1120.9835391505803,926,911,667,1.3883058470764618,1.3658170914542729,142
Bolivia,Bolivia,1318.6554953177,513,954,488,1.0512295081967213,1.9549180327868851,34
Peru,Peru,1497.644439558453,808,939,657,1.2298325722983257,1.4292237442922375,213
Honduras,Honduras,1237.5508488401072,796,696,557,1.429084380610413,1.2495511669658887,122
Guyana,Guyana,1084.5228051895842,355,495,278,1.276978417266187,1.7805755395683454,118
Uganda,Uganda,1142.3617257354135,1010,767,662,1.5256797583081572,1.1586102719033233,287
Belarus,Belarus,1101.3631211963666,326,409,279,1.168458781362007,1.4659498207885304,27
El Salvador,El Salvador,1241.6773962137806,676,802,548,1.2335766423357664,1.4635036496350364,83
Barbados,Barbados,925.3578246132894,350,461,275,1.2727272727272727,1.6763636363636363,25
Republic of Ireland,Republic of Ireland,1322.5389063103091,812,723,594,1.367003367003367,1.2171717171717171,221
Trinidad and Tobago,Trinidad and Tobago,1160.506226281773,1180,909,694,1.7002881844380404,1.3097982708933718,280
Greece,Greece,1357.4614019059634,731,810,592,1.2347972972972974,1.3682432432432432,109
Curaçao,Curaçao,1168.845589129745,551,556,345,1.5971014492753624,1.6115942028985508,71
Dominica,Dominica,918.6998888269453,224,384,191,1.1727748691099475,2.0104712041884816,79
Silesia,Silesia,1016.9304495577416,25,18,8,3.125,2.25,247
Guadeloupe,Guadeloupe,1113.4297225482048,409,364,246,1.6626016260162602,1.4796747967479675,112
Israel,Israel,1286.0603154468308,666,673,454,1.4669603524229076,1.4823788546255507,133
Suriname,Suriname,1168.6205518864385,706,523,364,1.9395604395604396,1.4368131868131868,262
French Guiana,French Guiana,1168.1150328909662,245,283,163,1.5030674846625767,1.7361963190184049,97
Cuba,Cuba,1123.8530087875301,467,528,353,1.3229461756373937,1.4957507082152974,70
Colombia,Colombia,1559.3611411885688,712,679,580,1.2275862068965517,1.1706896551724137,61
Ecuador,Ecuador,1495.0754550879853,669,876,549,1.2185792349726776,1.5956284153005464,81
Saint Kitts and Nevis,Saint Kitts and Nevis,1057.5489082436093,324,291,188,1.7234042553191489,1.547872340425532,232
Panama,Panama,1391.896299257722,554,714,466,1.1888412017167382,1.5321888412017168,208
Slovakia,Slovakia,1243.2973196584314,461,409,325,1.4184615384615384,1.2584615384615385,250
Manchukuo,Manchukuo,968.85511512493,1,17,3,0.3333333333333333,5.666666666666667,166
Croatia,Croatia,1588.352951691264,614,359,354,1.734463276836158,1.0141242937853108,69
Nicaragua,Nicaragua,1088.5187874771534,174,473,178,0.9775280898876404,2.657303370786517,190
Afghanistan,Afghanistan,977.2406605284019,127,239,121,1.0495867768595042,1.975206611570248,1
India,India,1062.410452331754,602,729,435,1.3839080459770114,1.6758620689655173,126
Martinique,Martinique,1179.0931876771383,565,404,310,1.8225806451612903,1.303225806451613,168
Zimbabwe,Zimbabwe,1071.642168251554,652,559,484,1.3471074380165289,1.1549586776859504,314
Iceland,Iceland,1263.2275369661145,573,804,479,1.196242171189979,1.6784968684759916,125
Albania,Albania,1206.271928525757,334,553,358,0.9329608938547486,1.5446927374301676,2
Venezuela,Venezuela,1353.170188506996,422,789,411,1.02676399026764,1.9197080291970803,297
Madagascar,Madagascar,1093.051334627697,310,372,241,1.2863070539419088,1.5435684647302905,159
Zambia,Zambia,1163.3278279332649,1200,804,766,1.566579634464752,1.0496083550913837,312
Mauritius,Mauritius,809.1006909755486,331,455,267,1.2397003745318351,1.7041198501872659,172
Tanzania,Tanzania,1061.5030060223635,632,843,561,1.1265597147950088,1.5026737967914439,274
Iran,Iran,1489.258567888566,972,418,521,1.8656429942418427,0.8023032629558541,128
Djibouti,Djibouti,685.429777198721,68,369,98,0.6938775510204082,3.7653061224489797,78
DR Congo,DR Congo,1184.252051641202,720,595,481,1.496881496881497,1.237006237006237,75
Vietnam,Vietnam,1181.651165080965,366,318,219,1.6712328767123288,1.452054794520548,298
Macau,Macau,733.4985798067827,108,385,128,0.84375,3.0078125,158
Ethiopia,Ethiopia,1071.9471838645145,551,576,397,1.3879093198992443,1.45088161209068,90
Puerto Rico,Puerto Rico,991.9863584764886,140,276,125,1.12,2.208,218
Réunion,Réunion,1202.626789789781,136,192,81,1.6790123456790123,2.3703703703703702,228
Sierra Leone,Sierra Leone,1064.2727136955261,264,380,277,0.9530685920577617,1.371841155234657,246
Zanzibar,Zanzibar,1097.6221345513284,188,435,205,0.9170731707317074,2.1219512195121952,313
South Korea,South Korea,1541.767591092271,1580,812,903,1.7497231450719823,0.8992248062015504,256
Ghana,Ghana,1254.358762326403,1011,653,635,1.5921259842519686,1.0283464566929135,105
South Africa,South Africa,1232.1998095993374,570,420,429,1.3286713286713288,0.9790209790209791,255
New Caledonia,New Caledonia,1217.855133257063,627,342,237,2.6455696202531644,1.4430379746835442,188
Fiji,Fiji,1205.9328969824714,534,376,229,2.331877729257642,1.6419213973799127,94
Nigeria,Nigeria,1316.4397237794471,925,613,615,1.5040650406504066,0.9967479674796748,192
Myanmar,Myanmar,896.3893726740005,603,584,374,1.6122994652406417,1.5614973262032086,184
Sri Lanka,Sri Lanka,682.5960363217864,215,524,215,1.0,2.437209302325581,260
Tahiti,Tahiti,1169.3997771159648,566,355,212,2.669811320754717,1.6745283018867925,270
Gambia,Gambia,1144.4931516457693,217,320,234,0.9273504273504274,1.3675213675213675,101
Hong Kong,Hong Kong,1030.0338955072314,553,640,388,1.425257731958763,1.6494845360824741,123
Singapore,Singapore,1009.2811398609175,757,1073,575,1.3165217391304347,1.866086956521739,248
Malaysia,Malaysia,1087.4593803886085,1067,998,675,1.5807407407407408,1.4785185185185186,162
Indonesia,Indonesia,1053.1624273257435,971,983,581,1.6712564543889845,1.6919104991394147,127
Guinea-Bissau,Guinea-Bissau,1066.6163526639339,165,253,161,1.0248447204968945,1.5714285714285714,117
German DR,German DR,1342.8001276225293,507,362,298,1.7013422818791946,1.2147651006711409,103
Vanuatu,Vanuatu,1186.8730029920941,344,393,177,1.9435028248587571,2.2203389830508473,295
Kernow,Kernow,1061.9042912609652,31,19,11,2.8181818181818183,1.7272727272727273,143
Saarland,Saarland,984.4563556542533,11,27,9,1.2222222222222223,3.0,230
Cambodia,Cambodia,786.5952564165295,262,628,240,1.0916666666666666,2.6166666666666667,46
Lebanon,Lebanon,1140.6240050908693,331,451,293,1.129692832764505,1.5392491467576792,151
Pakistan,Pakistan,800.2987445823306,182,451,192,0.9479166666666666,2.3489583333333335,205
Vietnam Republic,Vietnam Republic,978.8832058017542,288,264,157,1.8343949044585988,1.6815286624203822,299
North Korea,North Korea,1230.0073684962997,542,380,340,1.5941176470588236,1.1176470588235294,194
Togo,Togo,1090.4201243778348,451,576,417,1.0815347721822541,1.381294964028777,278
Sudan,Sudan,1052.5439738478187,486,589,436,1.114678899082569,1.3509174311926606,261
Malta,Malta,943.5343342460096,275,966,425,0.6470588235294118,2.2729411764705882,165
Syria,Syria,1243.5182480223095,625,578,434,1.4400921658986174,1.3317972350230414,266
Tunisia,Tunisia,1418.5830936757104,898,652,622,1.4437299035369775,1.0482315112540193,281
Malawi,Malawi,1064.3996195022569,704,766,595,1.1831932773109244,1.2873949579831934,161
Morocco,Morocco,1542.5621162458347,834,483,575,1.4504347826086956,0.84,182
Benin,Benin,1133.795335358229,292,497,278,1.0503597122302157,1.7877697841726619,30
Cameroon,Cameroon,1381.4300235166772,791,598,574,1.3780487804878048,1.0418118466898956,47
Central African Republic,Central African Republic,993.9838888675813,105,204,104,1.0096153846153846,1.9615384615384615,54
Gabon,Gabon,1184.5348989258237,420,421,368,1.141304347826087,1.1440217391304348,99
Ivory Coast,Ivory Coast,1323.5500831628492,941,605,587,1.6030664395229983,1.030664395229983,135
Congo,Congo,1073.1236075682161,484,542,386,1.2538860103626943,1.4041450777202074,63
Mali,Mali,1313.270820620887,677,598,528,1.2821969696969697,1.1325757575757576,164
North Vietnam,North Vietnam,1029.7997622298335,50,53,24,2.0833333333333335,2.2083333333333335,196
Mongolia,Mongolia,834.2263619527072,100,221,81,1.2345679012345678,2.728395061728395,179
Taiwan,Taiwan,839.8353006599731,229,450,174,1.3160919540229885,2.586206896551724,271
Cyprus,Cyprus,1059.3183056738826,335,852,390,0.8589743589743589,2.1846153846153844,72
Iraq,Iraq,1345.6130456110757,897,543,575,1.56,0.9443478260869566,129
Saint Lucia,Saint Lucia,974.304651593319,290,383,202,1.4356435643564356,1.896039603960396,233
Grenada,Grenada,961.8737757604565,379,415,225,1.6844444444444444,1.8444444444444446,111
Thailand,Thailand,1149.1190547759031,1016,1055,673,1.5096582466567607,1.5676077265973254,275
Senegal,Senegal,1485.8435358799077,774,561,581,1.3321858864027538,0.9655765920826161,242
Libya,Libya,1116.1586600235266,469,444,363,1.2920110192837466,1.2231404958677685,154
Guinea,Guinea,1113.9297361077295,692,639,511,1.3542074363992171,1.2504892367906066,116
Algeria,Algeria,1384.9452965948485,801,564,545,1.4697247706422019,1.034862385321101,4
Kuwait,Kuwait,1081.6951238186327,907,659,592,1.5320945945945945,1.1131756756756757,146
Jordan,Jordan,1317.3336014690146,522,466,425,1.228235294117647,1.096470588235294,139
Solomon Islands,Solomon Islands,1250.9045701103953,395,358,177,2.231638418079096,2.022598870056497,252
Liberia,Liberia,1009.4471120063743,231,386,268,0.8619402985074627,1.4402985074626866,153
Laos,Laos,725.7236386009495,175,522,167,1.0479041916167664,3.125748502994012,149
Saint Vincent and the Grenadines,Saint Vincent and the Grenadines,1014.0931000567842,259,234,158,1.639240506329114,1.481012658227848,236
Bermuda,Bermuda,1083.0595990121408,278,277,165,1.6848484848484848,1.6787878787878787,31
Niger,Niger,1041.3795710279242,223,392,230,0.9695652173913043,1.7043478260869565,191
Montenegro,Montenegro,1202.2817501320858,160,175,134,1.1940298507462686,1.3059701492537314,180
Palestine,Palestine,1220.2086261950105,287,299,203,1.4137931034482758,1.4729064039408868,207
Bahrain,Bahrain,1260.3594312775838,655,652,519,1.2620423892100192,1.25626204238921,22
Papua New Guinea,Papua New Guinea,1205.7111900924374,284,247,121,2.347107438016529,2.041322314049587,210
Burkina Faso,Burkina Faso,1289.78240351352,493,560,418,1.1794258373205742,1.3397129186602872,44
Mauritania,Mauritania,1099.9727449916031,186,380,242,0.768595041322314,1.5702479338842976,171
Saudi Arabia,Saudi Arabia,1387.6636285834418,1030,685,651,1.5821812596006144,1.0522273425499231,240
Eswatini,Eswatini,1011.8493011205206,212,412,246,0.8617886178861789,1.6747967479674797,89
Western Australia,Western Australia,965.2327970223467,64,76,32,2.0,2.375,303
Somalia,Somalia,696.9997595300478,59,311,112,0.5267857142857143,2.7767857142857144,253
Lesotho,Lesotho,1012.0975309616824,215,422,265,0.8113207547169812,1.5924528301886793,152
Cook Islands,Cook Islands,906.6508383759001,39,234,44,0.8863636363636364,5.318181818181818,64
Qatar,Qatar,1271.3411766687145,812,677,568,1.4295774647887325,1.1919014084507042,219
Antigua and Barbuda,Antigua and Barbuda,1074.2873321834393,284,360,204,1.392156862745098,1.7647058823529411,10
Faroe Islands,Faroe Islands,1001.8403549266928,213,598,252,0.8452380952380952,2.373015873015873,92
Bangladesh,Bangladesh,810.1453752015004,201,466,235,0.8553191489361702,1.9829787234042553,23
Yemen,Yemen,966.0415172148221,217,526,233,0.9313304721030042,2.257510729613734,306
Oman,Oman,1297.6456768723838,616,609,477,1.2914046121593292,1.2767295597484276,202
Yemen DPR,Yemen DPR,946.2489931597012,26,70,25,1.04,2.8,307
Burundi,Burundi,1011.9740273433623,218,258,200,1.09,1.29,45
Mozambique,Mozambique,1062.121931453729,350,428,336,1.0416666666666667,1.2738095238095237,183
Guam,Guam,770.7026164953197,124,488,103,1.203883495145631,4.737864077669903,113
Chad,Chad,955.1523055088246,99,196,113,0.8761061946902655,1.7345132743362832,56
Angola,Angola,1110.6358207701605,433,403,381,1.136482939632546,1.057742782152231,8
Dominican Republic,Dominican Republic,1044.0983151757653,192,204,123,1.5609756097560976,1.6585365853658536,80
Seychelles,Seychelles,745.669236794583,86,268,124,0.6935483870967742,2.161290322580645,244
Rwanda,Rwanda,1033.3155004908435,278,309,259,1.0733590733590734,1.193050193050193,227
São Tomé and Príncipe,São Tomé and Príncipe,845.172548395672,42,138,52,0.8076923076923077,2.6538461538461537,269
Botswana,Botswana,1040.1539129471735,237,368,291,0.8144329896907216,1.2646048109965635,37
Northern Cyprus,Northern Cyprus,1198.9041857411946,99,32,34,2.911764705882353,0.9411764705882353,197
Cape Verde,Cape Verde,1199.435875186944,203,216,188,1.0797872340425532,1.148936170212766,50
Kyrgyzstan,Kyrgyzstan,1111.1161822569559,184,269,158,1.1645569620253164,1.7025316455696202,147
Georgia,Georgia,1301.4490430469489,316,374,269,1.174721189591078,1.3903345724907064,102
Azerbaijan,Azerbaijan,1063.9306575485068,202,447,273,0.73992673992674,1.6373626373626373,20
Kiribati,Kiribati,911.3987808547928,8,127,11,0.7272727272727273,11.545454545454545,144
Tonga,Tonga,861.735669289952,70,212,57,1.2280701754385965,3.719298245614035,279
Wallis Islands and Futuna,Wallis Islands and Futuna,929.89020079119,24,110,24,1.0,4.583333333333333,301
United Arab Emirates,United Arab Emirates,1285.4171998225568,783,693,553,1.4159132007233273,1.2531645569620253,289
Brunei,Brunei,679.965946062797,58,263,75,0.7733333333333333,3.506666666666667,41
Equatorial Guinea,Equatorial Guinea,1131.6111780520594,120,224,145,0.8275862068965517,1.5448275862068965,86
Liechtenstein,Liechtenstein,744.0790206540712,97,636,224,0.4330357142857143,2.8392857142857144,155
Nepal,Nepal,864.7224353084238,167,471,199,0.8391959798994975,2.3668341708542715,186
Greenland,Greenland,1072.4041036887277,141,148,73,1.9315068493150684,2.0273972602739727,110
Niue,Niue,980.9902241201185,1,34,2,0.5,17.0,193
Samoa,Samoa,927.182400896369,72,170,51,1.411764705882353,3.3333333333333335,237
American Samoa,American Samoa,871.9854450840435,37,307,48,0.7708333333333334,6.395833333333333,5
Belize,Belize,958.2708771119596,91,182,89,1.0224719101123596,2.044943820224719,29
Anguilla,Anguilla,670.7112744569312,39,281,68,0.5735294117647058,4.132352941176471,9
Cayman Islands,Cayman Islands,814.3871070564242,97,247,98,0.9897959183673469,2.520408163265306,53
Palau,Palau,974.8654752518871,5,22,2,2.5,11.0,206
Sint Maarten,Sint Maarten,905.6091254247083,56,100,38,1.4736842105263157,2.6315789473684212,249
Namibia,Namibia,1114.977982889552,251,353,247,1.0161943319838056,1.4291497975708503,185
Åland Islands,Åland Islands,1046.499064097538,74,76,46,1.608695652173913,1.6521739130434783,315
Ynys Môn,Ynys Môn,1145.1510349600967,113,90,61,1.8524590163934427,1.4754098360655739,308
Saint Martin,Saint Martin,859.4952754512931,53,132,47,1.127659574468085,2.8085106382978724,234
San Marino,San Marino,559.9955214158731,28,792,189,0.14814814814814814,4.190476190476191,238
Slovenia,Slovenia,1319.789142331683,341,331,275,1.24,1.2036363636363636,251
Jersey,Jersey,1261.2951173904498,182,81,82,2.2195121951219514,0.9878048780487805,138
Shetland,Shetland,1000.6076412585336,86,103,51,1.6862745098039216,2.019607843137255,245
Isle of Wight,Isle of Wight,1141.6448931000493,107,57,44,2.4318181818181817,1.2954545454545454,132
Moldova,Moldova,957.4647752758749,212,449,264,0.803030303030303,1.7007575757575757,177
Ukraine,Ukraine,1483.2072414248967,421,306,301,1.398671096345515,1.0166112956810631,288
Kazakhstan,Kazakhstan,1100.358905302031,230,370,223,1.031390134529148,1.6591928251121075,141
Tajikistan,Tajikistan,1148.725189957872,244,229,162,1.5061728395061729,1.4135802469135803,272
Uzbekistan,Uzbekistan,1320.6489364788904,491,346,294,1.6700680272108843,1.1768707482993197,294
Turkmenistan,Turkmenistan,1099.9493868087561,221,220,144,1.5347222222222223,1.5277777777777777,283
Armenia,Armenia,1180.0936870288538,238,423,236,1.0084745762711864,1.7923728813559323,13
Czech Republic,Czech Republic,1427.48292328245,582,335,330,1.7636363636363637,1.0151515151515151,73
Guernsey,Guernsey,1258.1159623163765,170,103,77,2.207792207792208,1.3376623376623376,115
Gibraltar,Gibraltar,857.8174598612667,153,310,124,1.2338709677419355,2.5,106
Isle of Man,Isle of Man,1262.3416035800312,157,76,49,3.204081632653061,1.5510204081632653,131
North Macedonia,North Macedonia,1270.916078054066,321,359,268,1.1977611940298507,1.3395522388059702,195
Montserrat,Montserrat,981.8611878696437,58,158,48,1.2083333333333333,3.2916666666666665,181
Serbia,Serbia,1460.8172622297325,481,332,308,1.5616883116883118,1.077922077922078,243
Canary Islands,Canary Islands,1027.826112298407,12,4,4,3.0,1.0,49
Bosnia and Herzegovina,Bosnia and Herzegovina,1309.7447290756384,350,333,250,1.4,1.332,36
Maldives,Maldives,886.0995280717009,240,381,175,1.3714285714285714,2.177142857142857,163
Andorra,Andorra,836.9688936269607,65,482,192,0.3385416666666667,2.5104166666666665,7
British Virgin Islands,British Virgin Islands,710.4909020764121,82,318,98,0.8367346938775511,3.2448979591836733,39
Frøya,Frøya,866.2118278573845,54,118,30,1.8,3.933333333333333,98
Hitra,Hitra,931.3530363940757,25,83,19,1.3157894736842106,4.368421052631579,121
United States Virgin Islands,United States Virgin Islands,742.6864900362343,34,262,62,0.5483870967741935,4.225806451612903,292
Corsica,Corsica,1053.8230740588144,11,6,9,1.2222222222222223,0.6666666666666666,65
Eritrea,Eritrea,837.5231076519393,49,127,72,0.6805555555555556,1.7638888888888888,87
Bahamas,Bahamas,903.9697734175512,55,137,47,1.1702127659574468,2.9148936170212765,21
Gotland,Gotland,982.4455624735115,82,58,30,2.7333333333333334,1.9333333333333333,107
Saare County,Saare County,888.2469170312154,42,90,35,1.2,2.5714285714285716,229
Rhodes,Rhodes,1091.0182646546589,30,20,18,1.6666666666666667,1.1111111111111112,223
Micronesia,Micronesia,962.2385884223277,9,60,7,1.2857142857142858,8.571428571428571,176
Bhutan,Bhutan,645.5094052090177,49,324,81,0.6049382716049383,4.0,32
Orkney,Orkney,922.6635480818356,24,73,21,1.1428571428571428,3.4761904761904763,203
Monaco,Monaco,1020.467868444592,16,53,12,1.3333333333333333,4.416666666666667,178
Tuvalu,Tuvalu,902.9587653496172,38,199,35,1.0857142857142856,5.685714285714286,285
Sark,Sark,943.547559093056,1,71,4,0.25,17.75,239
Alderney,Alderney,887.3056324630737,16,76,19,0.8421052631578947,4.0,3
Mayotte,Mayotte,1019.5895865603987,30,38,18,1.6666666666666667,2.111111111111111,173
Turks and Caicos Islands,Turks and Caicos Islands,842.6879196519885,36,151,36,1.0,4.194444444444445,284
Timor-Leste,Timor-Leste,643.1391708570916,56,218,63,0.8888888888888888,3.4603174603174605,277
Western Isles,Western Isles,989.3171814892295,45,71,28,1.6071428571428572,2.5357142857142856,304
Falkland Islands,Falkland Islands,866.0026895804007,29,109,29,1.0,3.7586206896551726,91
Kosovo,Kosovo,1193.6713955500072,101,101,69,1.463768115942029,1.463768115942029,145
Republic of St. Pauli,Republic of St. Pauli,983.3949983300396,11,6,4,2.75,1.5,222
Găgăuzia,Găgăuzia,967.6277673721287,3,10,3,1.0,3.3333333333333335,119
Tibet,Tibet,886.8414715811681,7,56,13,0.5384615384615384,4.3076923076923075,276
Occitania,Occitania,1086.2689465898084,34,27,18,1.8888888888888888,1.5,201
Sápmi,Sápmi,1022.8273020121413,85,50,26,3.269230769230769,1.9230769230769231,268
Northern Mariana Islands,Northern Mariana Islands,743.2040376294065,19,108,24,0.7916666666666666,4.5,199
Menorca,Menorca,1112.1377654725493,51,26,21,2.4285714285714284,1.2380952380952381,174
Comoros,Comoros,994.2587954973237,62,113,76,0.8157894736842105,1.486842105263158,62
Provence,Provence,994.4956425490296,39,52,17,2.2941176470588234,3.0588235294117645,217
Arameans Suryoye,Arameans Suryoye,1050.1800583527527,17,13,10,1.7,1.3,11
Padania,Padania,1202.6700907554969,119,34,43,2.7674418604651163,0.7906976744186046,204
Iraqi Kurdistan,Iraqi Kurdistan,1125.003607937646,62,28,27,2.2962962962962963,1.037037037037037,130
Gozo,Gozo,935.8631885156108,8,21,6,1.3333333333333333,3.5,108
Bonaire,Bonaire,974.2695367291846,45,70,25,1.8,2.8,35
Western Sahara,Western Sahara,1005.2089306295791,12,17,5,2.4,3.4,305
Raetia,Raetia,940.5977333364881,5,37,8,0.625,4.625,220
Darfur,Darfur,910.6459146896356,2,100,7,0.2857142857142857,14.285714285714286,76
Tamil Eelam,Tamil Eelam,1009.9389525968141,36,51,17,2.1176470588235294,3.0,273
South Sudan,South Sudan,890.8539152040393,41,97,54,0.7592592592592593,1.7962962962962963,258
Abkhazia,Abkhazia,1130.6531507386333,49,25,28,1.75,0.8928571428571429,0
Saint Pierre and Miquelon,Saint Pierre and Miquelon,901.011840752415,3,79,7,0.42857142857142855,11.285714285714286,235
Artsakh,Artsakh,1071.4514819605702,33,15,11,3.0,1.3636363636363635,14
Madrid,Madrid,989.4507112184904,2,3,1,2.0,3.0,160
Vatican City,Vatican City,960.397595807928,3,16,6,0.5,2.6666666666666665,296
Ellan Vannin,Ellan Vannin,1039.2195420400749,31,25,17,1.8235294117647058,1.4705882352941178,84
South Ossetia,South Ossetia,1025.165740711041,31,31,14,2.2142857142857144,2.2142857142857144,257
County of Nice,County of Nice,1075.2122895658204,20,14,9,2.2222222222222223,1.5555555555555556,67
Székely Land,Székely Land,1001.748236895693,43,52,23,1.8695652173913044,2.260869565217391,267
Romani people,Romani people,997.9880039378907,8,9,3,2.6666666666666665,3.0,224
Felvidék,Felvidék,1004.8787135528398,9,15,8,1.125,1.875,93
Chagos Islands,Chagos Islands,929.16361491068,17,65,11,1.5454545454545454,5.909090909090909,57
United Koreans in Japan,United Koreans in Japan,1009.7687627063468,12,12,11,1.0909090909090908,1.0909090909090908,290
Somaliland,Somaliland,1011.945686962015,13,19,5,2.6,3.8,254
Western Armenia,Western Armenia,1057.6739834135556,35,21,16,2.1875,1.3125,302
Barawa,Barawa,924.2962017632261,17,47,12,1.4166666666666667,3.9166666666666665,24
Kárpátalja,Kárpátalja,1088.3761551611672,25,13,10,2.5,1.3,148
Yorkshire,Yorkshire,1056.7131570491285,28,12,7,4.0,1.7142857142857142,309
Panjab,Panjab,1076.0399519229584,32,17,12,2.6666666666666665,1.4166666666666667,209
Matabeleland,Matabeleland,1006.8956619879295,8,15,8,1.0,1.875,169
Cascadia,Cascadia,1060.6249074395948,24,15,7,3.4285714285714284,2.142857142857143,51
Kabylia,Kabylia,990.5194160065871,9,16,6,1.5,2.6666666666666665,140
Parishes of Jersey,Parishes of Jersey,1017.9624939980655,12,5,3,4.0,1.6666666666666667,212
Chameria,Chameria,1043.9196789021562,10,5,5,2.0,1.0,58
Saint Helena,Saint Helena,959.2309724084173,5,25,4,1.25,6.25,231
Yoruba Nation,Yoruba Nation,984.7216117471977,2,3,2,1.0,1.5,310
Biafra,Biafra,1016.9429263707124,3,2,3,1.0,0.6666666666666666,33
Mapuche,Mapuche,1000.6471999915343,4,3,2,2.0,1.5,167
Aymara,Aymara,970.67252485988,2,5,2,1.0,2.5,19
Brunei Darussalam,Brunei Darussalam,990.0449556565694,2,4,2,1.0,2.0,42
Asturias,Asturias,1013.3178709372953,4,2,1,4.0,2.0,16
Crimea,Crimea,1029.6657088659913,8,12,5,1.6,2.4,68
Two Sicilies,Two Sicilies,976.3503149604668,3,9,4,0.75,2.25,286
Surrey,Surrey,1011.5920239572635,4,2,1,4.0,2.0,263
Maule Sur,Maule Sur,1028.6802751485857,3,1,2,1.5,0.5,170
